,having_IP_Address,URL_Length,Shortining_Service,having_At_Symbol,double_slash_redirecting,Prefix_Suffix,having_Sub_Domain,SSLfinal_State,Domain_registeration_length,Favicon,port,HTTPS_token,Request_URL,URL_of_Anchor,Links_in_tags,SFH,Submitting_to_email,Abnormal_URL,Redirect,on_mouseover,RightClick,popUpWidnow,Iframe,age_of_domain,DNSRecord,web_traffic,Page_Rank,Google_Index,Links_pointing_to_page,Statistical_report,Actual,Predicted,Correct,Error_Type
6869,1,-1,1,1,1,-1,0,-1,-1,1,1,1,1,0,-1,-1,1,1,0,1,1,1,1,-1,1,0,-1,1,0,1,1,-1,False,False Positive (Legitimate -> Phishing)
6746,-1,-1,1,1,-1,-1,0,1,-1,1,1,1,-1,0,-1,-1,1,1,1,1,1,1,1,-1,1,-1,-1,-1,0,1,-1,1,False,False Negative (Phishing -> Legitimate)
3527,1,-1,1,1,1,-1,-1,1,-1,1,1,1,1,0,-1,-1,1,1,0,1,1,1,1,-1,1,1,-1,1,0,1,-1,1,False,False Negative (Phishing -> Legitimate)
1415,1,-1,1,1,1,-1,1,1,1,1,1,1,1,0,0,-1,1,1,0,1,1,1,1,1,-1,0,-1,1,1,1,-1,1,False,False Negative (Phishing -> Legitimate)
8213,-1,1,1,-1,1,1,-1,1,-1,-1,-1,1,1,0,-1,-1,1,1,0,-1,-1,-1,-1,1,1,-1,1,1,1,1,1,-1,False,False Positive (Legitimate -> Phishing)
6125,1,-1,1,1,1,-1,-1,-1,-1,1,1,1,1,0,0,-1,1,1,0,1,1,1,1,-1,1,1,-1,1,0,1,1,-1,False,False Positive (Legitimate -> Phishing)
10304,-1,-1,1,1,1,-1,1,1,-1,1,1,1,-1,0,-1,-1,1,1,0,1,1,1,1,1,1,1,-1,1,0,1,-1,1,False,False Negative (Phishing -> Legitimate)
427,1,-1,1,1,1,-1,0,1,-1,1,1,1,1,0,-1,-1,1,1,0,1,1,1,1,1,-1,1,-1,1,1,1,1,-1,False,False Positive (Legitimate -> Phishing)
5674,-1,1,-1,-1,-1,1,-1,-1,-1,-1,-1,-1,1,1,1,-1,-1,-1,0,1,-1,-1,-1,1,-1,0,1,-1,1,1,1,-1,False,False Positive (Legitimate -> Phishing)
688,-1,-1,-1,1,-1,-1,-1,1,1,1,1,-1,-1,0,-1,-1,1,-1,1,1,1,1,1,1,1,1,1,1,1,1,1,-1,False,False Positive (Legitimate -> Phishing)
2615,1,1,1,-1,1,-1,-1,-1,-1,1,1,1,1,0,1,1,1,1,0,1,1,1,1,1,1,1,-1,1,0,1,-1,1,False,False Negative (Phishing -> Legitimate)
7043,1,-1,1,1,1,-1,0,1,-1,1,1,1,1,0,0,-1,1,1,0,1,1,1,1,-1,1,0,1,1,0,1,1,-1,False,False Positive (Legitimate -> Phishing)
5744,-1,-1,1,-1,1,-1,1,-1,-1,-1,1,1,1,0,-1,-1,1,1,0,-1,1,-1,1,-1,1,0,1,1,-1,1,-1,1,False,False Negative (Phishing -> Legitimate)
262,1,-1,1,1,1,-1,0,-1,1,1,1,1,-1,0,-1,-1,1,1,0,1,1,1,1,1,-1,1,-1,1,1,1,1,-1,False,False Positive (Legitimate -> Phishing)
5268,1,-1,1,1,1,-1,-1,1,-1,1,1,1,-1,1,0,0,1,1,0,-1,1,1,1,-1,1,1,1,1,0,1,1,-1,False,False Positive (Legitimate -> Phishing)
1513,1,-1,1,1,1,-1,-1,1,-1,1,1,1,1,0,1,-1,1,1,0,1,1,1,1,-1,1,0,-1,1,0,1,-1,1,False,False Negative (Phishing -> Legitimate)
6316,-1,-1,1,1,1,-1,-1,-1,1,1,1,1,-1,0,0,-1,1,1,0,1,1,1,1,-1,1,1,1,1,0,1,-1,1,False,False Negative (Phishing -> Legitimate)
5768,-1,-1,1,1,1,-1,0,-1,1,1,1,1,-1,0,-1,-1,1,1,0,1,1,1,1,-1,1,1,-1,1,1,1,-1,1,False,False Negative (Phishing -> Legitimate)
5203,1,-1,1,1,1,-1,-1,1,1,1,1,1,-1,0,-1,-1,1,-1,0,1,1,1,1,-1,1,1,1,1,0,1,1,-1,False,False Positive (Legitimate -> Phishing)
10361,1,-1,1,1,1,-1,0,1,-1,1,1,1,1,0,-1,-1,1,1,0,1,1,1,1,1,1,1,-1,1,0,1,-1,1,False,False Negative (Phishing -> Legitimate)
8361,-1,0,-1,-1,1,-1,-1,1,1,1,1,1,-1,0,0,-1,-1,-1,0,1,1,1,1,1,1,1,-1,1,0,1,-1,1,False,False Negative (Phishing -> Legitimate)
7887,-1,-1,1,1,1,-1,0,1,-1,1,1,1,1,0,0,-1,1,1,0,1,1,1,1,-1,1,0,1,1,1,1,-1,1,False,False Negative (Phishing -> Legitimate)
1482,1,-1,1,1,1,-1,-1,-1,1,1,1,1,-1,0,0,-1,1,1,0,1,1,1,1,-1,-1,1,-1,1,0,1,-1,1,False,False Negative (Phishing -> Legitimate)
6361,-1,-1,1,1,1,-1,-1,1,-1,1,1,1,1,0,0,-1,1,1,0,1,1,1,1,-1,1,0,1,1,0,1,-1,1,False,False Negative (Phishing -> Legitimate)
8309,1,-1,1,1,1,-1,1,1,-1,1,1,1,-1,1,0,0,1,1,0,-1,1,1,1,-1,1,1,-1,1,0,1,1,-1,False,False Positive (Legitimate -> Phishing)
3984,1,-1,1,1,1,-1,-1,1,-1,1,1,1,-1,0,0,-1,1,1,0,1,1,1,1,-1,1,0,-1,1,0,1,1,-1,False,False Positive (Legitimate -> Phishing)
8287,-1,-1,1,-1,1,-1,1,1,-1,1,1,1,-1,1,-1,-1,1,1,0,1,1,1,1,1,1,1,-1,1,0,1,-1,1,False,False Negative (Phishing -> Legitimate)
2598,1,-1,1,1,1,-1,0,1,1,1,1,1,-1,1,0,-1,1,1,0,-1,1,1,1,-1,1,1,-1,1,0,1,1,-1,False,False Positive (Legitimate -> Phishing)
11035,1,-1,1,1,1,-1,1,1,-1,1,1,1,1,0,1,-1,1,1,0,1,1,1,1,1,1,0,-1,1,0,1,1,-1,False,False Positive (Legitimate -> Phishing)
10137,1,-1,1,1,1,-1,0,-1,1,1,1,1,-1,0,-1,-1,1,1,0,1,1,1,1,1,1,1,-1,1,0,1,-1,1,False,False Negative (Phishing -> Legitimate)
9596,-1,-1,1,1,1,-1,0,-1,1,1,1,1,-1,0,0,-1,1,1,0,1,1,1,1,1,1,1,-1,1,1,1,-1,1,False,False Negative (Phishing -> Legitimate)
2736,1,-1,1,1,1,-1,1,-1,1,1,1,1,-1,0,0,-1,1,1,0,1,1,1,1,-1,-1,-1,1,1,1,1,-1,1,False,False Negative (Phishing -> Legitimate)
1912,1,-1,1,1,1,-1,1,1,1,1,1,1,-1,0,-1,-1,1,1,0,1,1,1,1,1,1,1,-1,1,0,1,1,-1,False,False Positive (Legitimate -> Phishing)
6092,1,-1,1,1,1,-1,1,-1,-1,1,1,1,1,0,0,-1,1,1,0,1,1,1,1,-1,1,0,1,1,0,1,-1,1,False,False Negative (Phishing -> Legitimate)
2832,-1,1,-1,1,-1,-1,1,1,-1,1,1,-1,1,0,-1,1,1,-1,1,1,1,1,1,1,-1,0,-1,1,1,-1,1,-1,False,False Positive (Legitimate -> Phishing)
8787,-1,-1,1,1,1,-1,1,-1,1,1,1,1,-1,0,-1,-1,1,1,0,1,1,1,1,1,1,0,-1,1,1,1,-1,1,False,False Negative (Phishing -> Legitimate)
249,1,-1,1,1,1,-1,-1,-1,1,1,1,1,-1,0,0,-1,1,1,0,1,1,1,1,-1,1,1,-1,1,0,1,-1,1,False,False Negative (Phishing -> Legitimate)
6671,-1,1,1,1,1,-1,1,1,-1,1,1,1,1,0,-1,-1,1,1,0,1,1,1,1,1,1,0,-1,1,1,1,-1,1,False,False Negative (Phishing -> Legitimate)
8190,1,-1,-1,1,-1,-1,-1,1,1,1,1,1,-1,0,1,-1,1,1,1,1,-1,1,1,1,1,-1,-1,1,0,1,-1,1,False,False Negative (Phishing -> Legitimate)
10149,-1,0,1,1,1,-1,0,-1,1,1,1,-1,-1,0,-1,-1,1,1,0,1,1,1,1,1,1,1,-1,1,0,1,-1,1,False,False Negative (Phishing -> Legitimate)
9690,-1,1,1,1,1,-1,0,1,-1,1,1,1,1,0,-1,-1,1,1,0,1,1,1,1,1,1,-1,1,1,1,1,-1,1,False,False Negative (Phishing -> Legitimate)
8646,-1,-1,1,-1,1,-1,0,1,-1,-1,-1,1,-1,0,-1,-1,-1,1,0,-1,1,-1,-1,1,1,1,-1,1,0,-1,-1,1,False,False Negative (Phishing -> Legitimate)
10776,-1,-1,1,1,1,-1,0,1,-1,1,1,1,1,0,0,-1,1,1,0,1,1,1,1,1,1,1,-1,1,1,1,-1,1,False,False Negative (Phishing -> Legitimate)
9813,-1,-1,1,1,1,-1,1,-1,1,1,1,1,-1,0,-1,-1,1,1,0,1,1,1,1,1,1,-1,-1,1,1,1,1,-1,False,False Positive (Legitimate -> Phishing)
9519,1,-1,1,1,1,-1,1,1,-1,1,1,1,1,0,-1,-1,1,1,0,1,1,1,1,-1,1,0,-1,1,0,1,1,-1,False,False Positive (Legitimate -> Phishing)
7194,-1,1,1,-1,1,-1,0,1,-1,-1,-1,1,1,1,0,1,-1,1,1,1,1,-1,1,1,1,1,1,1,1,1,1,-1,False,False Positive (Legitimate -> Phishing)
4406,-1,-1,-1,1,-1,-1,-1,1,1,1,1,-1,-1,0,-1,-1,1,-1,1,1,1,1,1,1,1,1,1,1,1,1,1,-1,False,False Positive (Legitimate -> Phishing)
787,1,-1,1,1,1,-1,-1,1,-1,1,1,1,1,0,-1,-1,1,1,0,1,1,1,1,-1,1,0,-1,1,0,1,1,-1,False,False Positive (Legitimate -> Phishing)
1944,1,-1,1,1,1,-1,-1,-1,1,1,1,1,-1,0,0,-1,1,1,0,1,1,1,1,1,-1,1,-1,1,1,1,-1,1,False,False Negative (Phishing -> Legitimate)
6147,-1,-1,1,-1,1,-1,1,1,1,-1,-1,1,-1,0,1,-1,-1,1,0,-1,1,-1,-1,-1,1,1,1,1,1,1,-1,1,False,False Negative (Phishing -> Legitimate)
10393,-1,-1,1,1,1,-1,-1,-1,1,1,1,1,-1,0,-1,0,1,1,0,1,1,1,1,1,1,1,-1,1,0,1,-1,1,False,False Negative (Phishing -> Legitimate)
7820,1,-1,1,1,1,-1,-1,1,-1,1,1,1,1,0,-1,-1,1,1,0,1,1,1,1,-1,1,1,1,1,0,1,-1,1,False,False Negative (Phishing -> Legitimate)
8613,-1,-1,1,1,1,-1,0,1,1,1,1,1,1,0,0,-1,1,1,0,1,1,1,1,1,1,1,-1,1,1,1,-1,1,False,False Negative (Phishing -> Legitimate)
5363,-1,-1,1,1,1,-1,0,-1,-1,1,1,1,-1,1,1,-1,1,1,0,1,1,1,1,-1,1,-1,1,1,1,1,-1,1,False,False Negative (Phishing -> Legitimate)
3671,1,-1,1,1,1,-1,0,1,-1,1,1,1,1,0,-1,-1,1,1,0,1,1,1,1,1,-1,1,-1,1,1,1,1,-1,False,False Positive (Legitimate -> Phishing)
9818,-1,-1,1,1,1,-1,1,-1,1,1,1,1,-1,0,-1,-1,1,1,0,1,1,1,1,1,1,1,-1,1,1,1,1,-1,False,False Positive (Legitimate -> Phishing)
8573,1,1,1,1,1,-1,0,1,-1,1,1,1,1,0,-1,-1,1,1,0,1,1,1,1,1,1,1,1,1,0,1,-1,1,False,False Negative (Phishing -> Legitimate)
9442,-1,-1,1,1,1,-1,0,1,1,1,1,1,-1,0,0,-1,1,1,0,1,1,1,1,1,1,-1,-1,1,1,1,-1,1,False,False Negative (Phishing -> Legitimate)
6265,1,-1,1,1,1,-1,0,1,-1,1,1,1,1,0,0,-1,1,1,0,1,1,1,1,-1,1,0,-1,1,0,1,1,-1,False,False Positive (Legitimate -> Phishing)
236,1,-1,1,1,1,-1,-1,1,-1,1,1,1,-1,0,0,-1,1,1,0,1,1,1,1,-1,1,0,-1,1,0,1,1,-1,False,False Positive (Legitimate -> Phishing)
5346,1,-1,1,1,1,-1,0,-1,-1,1,1,1,1,0,-1,-1,1,1,1,1,1,1,1,-1,1,0,-1,1,0,1,1,-1,False,False Positive (Legitimate -> Phishing)
2228,1,-1,1,1,1,-1,1,-1,-1,1,1,1,1,0,1,-1,1,1,0,1,1,1,1,1,1,0,-1,1,0,1,-1,1,False,False Negative (Phishing -> Legitimate)
7279,-1,1,-1,1,1,-1,1,1,-1,1,1,1,1,0,1,-1,1,1,0,1,1,1,1,-1,1,0,1,1,0,1,-1,1,False,False Negative (Phishing -> Legitimate)
3252,1,-1,1,1,1,-1,-1,1,-1,1,1,1,1,0,-1,-1,1,1,0,1,1,1,1,1,1,0,-1,1,0,1,1,-1,False,False Positive (Legitimate -> Phishing)
