Feature,Importance
SSLfinal_State,0.6221782512399414
URL_of_Anchor,0.11263765122770904
Links_in_tags,0.03675474319358391
having_Sub_Domain,0.03465268202760655
web_traffic,0.026071456955814032
Domain_registeration_length,0.019538769641902137
Links_pointing_to_page,0.01799090202327621
Prefix_Suffix,0.017737271702413248
Request_URL,0.012995909985744215
age_of_domain,0.012029905662717267
Page_Rank,0.010128017199200215
Google_Index,0.00996767277718953
SFH,0.009122755745724626
URL_Length,0.007523533449566807
having_IP_Address,0.007228892935521721
DNSRecord,0.007056737042650214
Submitting_to_email,0.004492322527975268
Redirect,0.0043098754565679
Statistical_report,0.003941343208189443
HTTPS_token,0.0033922994726353233
popUpWidnow,0.0032082958282970424
Favicon,0.003022577813548549
having_At_Symbol,0.003009937398669363
RightClick,0.002424002901213259
on_mouseover,0.002208522864365833
Shortining_Service,0.0020093137653462126
Abnormal_URL,0.0018669560814730997
Iframe,0.0013551859136403275
double_slash_redirecting,0.0006634660300725443
port,0.000480747927444728
